{
  "584c7021-2f1e-4a52-ac24-b76455881b54": {
    "ticketed": false,
    "pinned": true
  },
  "7da116fa-2461-4f77-8172-6fecefd69139": {
    "pinned": true
  },
  "9dc4a0d2-96c8-4374-8b2d-b7174d058039": {
    "pinned": true,
    "deleted": true
  },
  "5d7e6c05-d3f0-4cf8-9a4c-8d37192b46dd": {
    "deleted": true
  },
  "c37457a9-7d01-41f1-ab96-f2a21b8dd545": {
    "pinned": true
  },
  "8e8a555e-d756-4207-bf90-03e69570d958": {
    "ticketed": true
  },
  "66df881f-925d-479b-b82c-ff5fde5d6341": {
    "ticketed": true,
    "deleted": true
  },
  "7035c5d9-b9ba-431e-8fce-e667812b2431": {
    "ticketed": true
  },
  "2d5381a2-19fa-4a15-805c-63a6757a5698": {
    "ticketed": true
  },
  "3a9d3b18-d0c2-4f57-a0a9-3388b946cf4e": {
    "pinned": true,
    "deleted": true
  },
  "5b4daf7e-eef7-44dc-8b76-e0446093414e": {
    "pinned": true,
    "ticketed": true
  },
  "7b914087-e1b9-4087-8315-cbc334760286": {
    "deleted": true
  },
  "94cbc15d-73e4-4fd1-aecb-863b30bd45a8": {
    "ticketed": true,
    "deleted": true
  },
  "2d59f50f-2c45-4e9b-89b3-5111fdeb874e": {
    "ticketed": true
  },
  "11e63bb2-14f6-49d6-b53f-ee4d6ccfa87a": {
    "pinned": false
  },
  "ea51e0ee-7b90-4cf6-9a79-b2a5938714df": {
    "ticketed": true,
    "deleted": true
  },
  "af52374d-87aa-4477-88a1-468dfcea80b3": {
    "ticketed": true
  },
  "88232166-cdb8-4ddd-9ae1-5de486e6ae91": {
    "deleted": true
  },
  "493ec48b-7396-4a7d-a377-ffda065564a2": {
    "ticketed": true,
    "deleted": true
  },
  "00d6a3b1-b671-4060-b918-b88cf5b4fffa": {
    "ticketed": true,
    "deleted": true
  },
  "9228f805-66d1-4dbc-b804-3e5d958c2853": {
    "ticketed": false
  },
  "8f8253a6-c6c6-4362-80f3-7f5a200e5e85": {
    "ticketed": true,
    "deleted": true
  },
  "4b22977a-d4bd-4fc5-ab03-8c1a4dcc96a6": {
    "pinned": true
  },
  "ad509ee4-f235-4719-8e96-626a71889f08": {
    "pinned": true
  },
  "36b1559d-45ac-4c11-a3e4-08ca0ebc147d": {
    "ticketed": true
  },
  "c2167aa6-2226-4128-8b74-244525ce89eb": {
    "pinned": true,
    "ticketed": true
  },
  "a896aebf-f696-4e8a-943e-32f5d47aba55": {
    "pinned": true,
    "ticketed": true,
    "deleted": true
  },
  "bd748eb2-82ab-43ff-b688-769630d6eb07": {
    "ticketed": true,
    "deleted": true
  },
  "dedc6ff3-a66c-484b-bf72-44501ee61726": {
    "pinned": false,
    "ticketed": false,
    "deleted": true
  },
  "5fd6cc84-1e97-4bde-b0c9-28ddaf85c61c": {
    "ticketed": true,
    "deleted": true
  },
  "8c3f0feb-ba4e-4ce4-bbd9-fc5d543176a0": {
    "deleted": true
  },
  "9594a5b3-f985-41b7-a900-d410700b8021": {
    "pinned": false,
    "ticketed": false,
    "deleted": true
  },
  "0e6c286c-a62f-4e59-9e3c-fceff72b0ff8": {
    "pinned": false,
    "deleted": true
  },
  "5733006f-8713-447c-a0a4-1db27c39be2b": {
    "ticketed": false,
    "deleted": true
  },
  "af231382-cba3-46a0-8d01-a072a465c33f": {
    "ticketed": false,
    "deleted": true
  },
  "5a06280c-0637-459f-bda7-6240f595d386": {
    "ticketed": true,
    "deleted": true
  },
  "c2727d7c-7b53-4c1f-875f-3966897d6d89": {
    "ticketed": false
  },
  "4f8c3c51-92bd-4c2b-bb6c-8c3eb23c187b": {
    "ticketed": true,
    "deleted": true
  },
  "5af40f20-5481-4ba6-884b-4729740db91a": {
    "deleted": true
  },
  "74a0e880-a55f-438e-a8d6-ca2d4a526444": {
    "deleted": true
  },
  "ac003874-81c1-4212-a61e-b24df9f3a79b": {
    "deleted": true
  },
  "e6a4c1ed-87d2-4e42-b433-790103d9ab63": {
    "ticketed": false
  },
  "f37f8a79-49c3-4a57-90a4-f9ce0fcfcf30": {
    "ticketed": false
  },
  "b807cf78-0921-4707-aa43-41a4f371c3c4": {
    "deleted": true
  },
  "449f9307-b58b-4501-b6d5-2330a1acac5d": {
    "ticketed": true,
    "deleted": true
  },
  "5800e297-4710-4f4a-9b01-2025920b5fbc": {
    "deleted": true
  },
  "5430f4ba-2d33-49ad-a2d7-ffa0edec531e": {
    "ticketed": true,
    "deleted": true
  },
  "8a522266-3571-46ec-ae9c-c4bbaf3441dc": {
    "ticketed": false
  },
  "65b4bb4d-77df-4bfa-9c84-516c8040842b": {
    "deleted": true
  },
  "94c1a1d6-f1a2-48d3-9b56-139aef171e07": {
    "deleted": true
  },
  "fc757ba9-e8ac-4918-9c65-3333234254ca": {
    "deleted": true
  },
  "b8b051dc-3073-4744-bdaa-80ed7d2c79c6": {
    "ticketed": false
  },
  "bbb871c9-e14c-44b9-96f7-b2d89e5a0840": {
    "ticketed": false,
    "deleted": true
  },
  "92ad27bf-33b9-4001-b9e9-a09c495c696e": {
    "ticketed": false
  },
  "5ac82dc9-7788-4675-a930-a837d0139ae4": {
    "ticketed": false
  },
  "4627148c-4f52-42ae-964f-c9bc415b49ae": {
    "ticketed": true,
    "deleted": true
  },
  "3f8fd0f4-8861-43b2-8a82-00d6ff72beea": {
    "deleted": true
  },
  "99820db3-57ea-4cb3-9ad0-3939301f2013": {
    "ticketed": false
  },
  "89c36ee5-2a94-41cf-8c99-a69e9a04a76c": {
    "ticketed": false
  },
  "bbdfd09a-2cd5-4d93-aca3-bc187007f2e9": {
    "ticketed": false
  },
  "d8ef3a2a-abb6-4d06-adea-a35fc68d022f": {
    "ticketed": false
  },
  "48716ca4-752a-48e9-a37c-116100afd6c8": {
    "deleted": true
  },
  "6239638c-91bb-4280-ac88-6981e3e88cb4": {
    "ticketed": false
  },
  "2dec146c-f3b1-47a9-8fcd-4aa2c8a4ebd1": {
    "ticketed": false,
    "deleted": true
  },
  "68db31fd-c4a1-48b1-805b-487028becca8": {
    "ticketed": false
  },
  "72381663-82e8-48a4-aaa4-ed230fbd6b28": {
    "ticketed": false
  },
  "86b4fe9b-c1e8-41ef-86a5-eef707c162df": {
    "deleted": true
  },
  "2e748fa7-1fca-4b28-a30d-05ab18666553": {
    "ticketed": false
  },
  "9515e85a-a5f7-430c-8720-a0daba8264a0": {
    "ticketed": false
  },
  "0268ff3b-dc3d-4979-a13e-c60bd13725b8": {
    "ticketed": false
  },
  "9c4d6fad-f6df-4b0f-9c9c-1aecdfefb8f6": {
    "ticketed": false
  },
  "3b801afa-9696-4df9-85e1-2c3b97590151": {
    "ticketed": true
  },
  "09d484e0-cc7f-4da4-a992-f7be66253a88": {
    "ticketed": false
  },
  "be4e3fc8-3ae9-4053-9a07-8d3f71ad53f2": {
    "ticketed": false
  },
  "d1e5cb76-c1cd-4ac6-97a6-c72ed495dd3b": {
    "ticketed": true
  },
  "f677f27c-cf55-4933-8e82-53c4d2f65671": {
    "ticketed": false
  },
  "86c19582-2adf-42be-a304-378fd530c414": {
    "ticketed": false
  },
  "da0ceadd-3d8c-4d9b-85b8-034002d65a72": {
    "ticketed": false
  },
  "8ae5361d-c500-4af5-a654-bd4dedba18c4": {
    "ticketed": false
  },
  "983a2d2d-5438-4663-8596-0d8f1c5ed924": {
    "ticketed": false
  },
  "14fedce3-a915-4792-b9a3-372d1d725fad": {
    "ticketed": true
  },
  "977233b8-74b7-4007-89da-245067d2abf4": {
    "ticketed": false
  },
  "0f1cbcea-88b3-4ba7-bdd5-66de88a6d679": {
    "ticketed": false
  },
  "b450dbb1-ca09-409f-88c2-b85f6454e0c2": {
    "ticketed": true
  },
  "f55398b1-78a8-4b11-b9de-c782b3bff7b2": {
    "ticketed": true
  },
  "88b57de5-2945-4dbd-b135-5dc00d90d1fc": {
    "ticketed": true
  },
  "713eb52d-c330-4019-9b6c-7a09ff1dfbd7": {
    "ticketed": true,
    "deleted": true
  },
  "2c586dde-0cae-4341-a965-598456096c29": {
    "ticketed": false
  },
  "8f390558-c9af-43f1-9b5a-90639e146b61": {
    "ticketed": true
  },
  "b370ca3f-a0eb-48c9-ad18-8d6624b9e408": {
    "ticketed": true
  },
  "2d88b7d4-677c-4161-ba92-17fcba7817a8": {
    "ticketed": true
  },
  "cf0e3e45-e631-45ea-b016-53f9a3410110": {
    "ticketed": true
  },
  "5ae65ade-2369-476c-9ef8-8935d708d261": {
    "ticketed": true
  },
  "43b7736f-bac0-48dc-aba4-d6c022248cb6": {
    "ticketed": true
  },
  "f21357ce-3ddb-4abf-8ea0-e7e333d8d01f": {
    "ticketed": true
  },
  "a67bc904-1db3-44f9-a88f-ba3ab1d8a267": {
    "ticketed": false
  },
  "9b9b9b20-d879-416e-9ead-e04d5958d414": {
    "ticketed": false
  },
  "c040a574-1dd2-499e-9a9c-ab85cc5d2ed8": {
    "ticketed": false
  },
  "edd38c81-fc53-4b8e-bb3e-a1e79dbc1358": {
    "ticketed": false
  },
  "66c998ee-9db9-4fb1-b9ff-0438b66c8faf": {
    "ticketed": true,
    "deleted": true
  },
  "b17799c5-fa01-4988-9184-20b0afefd8f8": {
    "ticketed": true
  },
  "b16f72d1-a73c-466f-8845-9c74c534a1e9": {
    "ticketed": true,
    "deleted": true
  },
  "51a615ff-d221-4fda-b6b6-d51c31368ea1": {
    "ticketed": false
  },
  "a2918cc9-d89d-41d6-bf1b-e7308dff4dbe": {
    "ticketed": false
  },
  "4812db20-eaa8-44bd-a086-036872fe11c3": {
    "ticketed": true
  },
  "9295cb21-0d0a-4ba7-835e-26227f6bf18f": {
    "deleted": true
  }
}